GeneID	TrueState
lcl|NC_002516.2_cds_NP_249281.1_592_hgt_foreign	2
lcl|NC_002516.2_cds_NP_254028.1_5344_hgt_foreign	2
lcl|NC_002516.2_cds_NP_249052.1_362_hgt_foreign	2
lcl|NC_002516.2_cds_NP_253583.1_4898_hgt_foreign	2
lcl|NC_002942.5_cds_WP_010946516.1_754	0
lcl|NC_002942.5_cds_WP_010948645.1_2955	0
lcl|NC_002942.5_cds_WP_011216539.1_2661	0
lcl|NC_002516.2_cds_NP_249804.1_1114_hgt_foreign	2
lcl|NC_002516.2_cds_NP_252870.1_4181_hgt_foreign	2
lcl|NC_002516.2_cds_NP_250467.1_1778_hgt_foreign	2
lcl|NC_002516.2_cds_NP_253374.1_4686_hgt_foreign	2
lcl|NC_002516.2_cds_NP_248759.1_70_hgt_foreign	2
lcl|NC_002942.5_cds_WP_010946459.1_697	0
lcl|NC_002942.5_cds_WP_010947125.1_1381	0
lcl|NC_002942.5_cds_WP_010946505.1_744	0
lcl|NC_002516.2_cds_NP_250776.1_2088_hgt_foreign	2
lcl|NC_002516.2_cds_NP_250961.1_2273_hgt_foreign	2
lcl|NC_002942.5_cds_WP_010946202.1_441	0
lcl|NC_002942.5_cds_WP_010948466.1_2761	0
lcl|NC_002942.5_cds_WP_010946945.1_1196	0
lcl|NC_002516.2_cds_NP_250480.1_1791_hgt_foreign	2
lcl|NC_002942.5_cds_WP_015444489.1_1515	0
lcl|NC_002516.2_cds_NP_251532.1_2841_hgt_foreign	2
lcl|NC_002516.2_cds_NP_253329.1_4641_hgt_foreign	2
lcl|NC_002516.2_cds_NP_252860.1_4171_hgt_foreign	2
lcl|NC_002516.2_cds_NP_252984.1_4294_hgt_foreign	2
lcl|NC_002516.2_cds_NP_252391.1_3701_hgt_foreign	2
lcl|NC_002942.5_cds_WP_010947054.1_1310	0
lcl|NC_002942.5_cds_WP_015444337.1_2000	0
lcl|NC_002942.5_cds_WP_010946301.1_537	0
lcl|NC_002942.5_cds_WP_010947009.1_1265	0
lcl|NC_002942.5_cds_WP_015443948.1_2746	0
lcl|NC_002516.2_cds_NP_249104.1_414_hgt_foreign	2
lcl|NC_002516.2_cds_NP_251622.1_2931_hgt_foreign	2
lcl|NC_002942.5_cds_WP_010948044.1_2313	0
lcl|NC_002516.2_cds_NP_250534.1_1847_hgt_foreign	2
lcl|NC_002516.2_cds_NP_248822.1_133_hgt_foreign	2
lcl|NC_002516.2_cds_NP_248807.1_118_hgt_foreign	2
lcl|NC_002516.2_cds_NP_253691.1_5006_hgt_foreign	2
lcl|NC_002516.2_cds_NP_251513.1_2822_hgt_foreign	2
lcl|NC_002942.5_cds_WP_010947453.1_1711	0
lcl|NC_002516.2_cds_NP_249058.1_368_hgt_foreign	2
lcl|NC_002942.5_cds_WP_010948348.1_2639	0
lcl|NC_002516.2_cds_NP_252578.1_3890_hgt_foreign	2
lcl|NC_002516.2_cds_NP_249909.1_1217_hgt_foreign	2
lcl|NC_002942.5_cds_WP_010946244.1_482	0
lcl|NC_002516.2_cds_NP_250284.1_1594_hgt_foreign	2
lcl|NC_002516.2_cds_NP_252328.1_3637_hgt_foreign	2
lcl|NC_002516.2_cds_NP_253169.1_4480_hgt_foreign	2
lcl|NC_002516.2_cds_NP_251162.1_2469_hgt_foreign	2
lcl|NC_002516.2_cds_NP_249897.1_1205_hgt_foreign	2
lcl|NC_002516.2_cds_NP_249676.1_984_hgt_foreign	2
lcl|NC_002516.2_cds_NP_252386.1_3695_hgt_foreign	2
lcl|NC_002516.2_cds_NP_253166.1_4477_hgt_foreign	2
lcl|NC_002516.2_cds_NP_250939.1_2251_hgt_foreign	2
lcl|NC_002942.5_cds_WP_010948462.1_2757	0
lcl|NC_002516.2_cds_NP_252926.1_4236_hgt_foreign	2
lcl|NC_002942.5_cds_WP_010946755.1_995	0
lcl|NC_002942.5_cds_WP_010946411.1_649	0
lcl|NC_002942.5_cds_WP_010946571.1_809	0
lcl|NC_002516.2_cds_NP_248755.1_66_hgt_foreign	2
lcl|NC_002516.2_cds_NP_252472.1_3783_hgt_foreign	2
lcl|NC_002942.5_cds_WP_015444473.1_1551	0
lcl|NC_002516.2_cds_NP_249461.1_770_hgt_foreign	2
lcl|NC_002516.2_cds_NP_253201.1_4512_hgt_foreign	2
lcl|NC_002942.5_cds_WP_010948091.1_2368	0
lcl|NC_002516.2_cds_NP_251263.1_2571_hgt_foreign	2
lcl|NC_002942.5_cds_WP_010947454.1_1712	0
lcl|NC_002942.5_cds_WP_010946209.1_448	0
lcl|NC_002516.2_cds_NP_251404.1_2711_hgt_foreign	2
lcl|NC_002516.2_cds_NP_250748.1_2060_hgt_foreign	2
lcl|NC_002516.2_cds_NP_250404.1_1715_hgt_foreign	2
lcl|NC_002942.5_cds_WP_010946509.1_748	0
lcl|NC_002516.2_cds_NP_253591.1_4906_hgt_foreign	2
lcl|NC_002942.5_cds_WP_010946756.1_996	0
lcl|NC_002516.2_cds_NP_249235.1_546_hgt_foreign	2
lcl|NC_002516.2_cds_NP_252013.1_3320_hgt_foreign	2
lcl|NC_002516.2_cds_NP_249455.1_764_hgt_foreign	2
lcl|NC_002942.5_cds_WP_010946782.1_1022	0
lcl|NC_002516.2_cds_NP_253818.1_5132_hgt_foreign	2
lcl|NC_002516.2_cds_NP_254203.1_5519_hgt_foreign	2
lcl|NC_002942.5_cds_WP_014327031.1_2945	0
lcl|NC_002516.2_cds_NP_249249.1_560_hgt_foreign	2
lcl|NC_002516.2_cds_NP_252047.1_3354_hgt_foreign	2
lcl|NC_002516.2_cds_YP_003933608.1_459_hgt_foreign	2
lcl|NC_002516.2_cds_NP_254174.1_5490_hgt_foreign	2
lcl|NC_002516.2_cds_NP_249946.1_1254_hgt_foreign	2
lcl|NC_002942.5_cds_WP_010948434.1_2729	0
lcl|NC_002942.5_cds_WP_011213557.1_1188	0
lcl|NC_002516.2_cds_NP_250037.1_1345_hgt_foreign	2
lcl|NC_002516.2_cds_NP_253790.1_5104_hgt_foreign	2
lcl|NC_002516.2_cds_NP_249796.1_1104_hgt_foreign	2
lcl|NC_002516.2_cds_NP_249806.1_1116_hgt_foreign	2
lcl|NC_002516.2_cds_NP_253958.1_5274_hgt_foreign	2
lcl|NC_002516.2_cds_NP_250219.1_1528_hgt_foreign	2
lcl|NC_002942.5_cds_WP_010946164.1_404	0
lcl|NC_002516.2_cds_NP_253662.1_4977_hgt_foreign	2
lcl|NC_002942.5_cds_WP_011214707.1_442	0
lcl|NC_002516.2_cds_NP_251017.1_2329_hgt_foreign	2
lcl|NC_002942.5_cds_WP_010948649.1_2959	0
lcl|NC_002942.5_cds_WP_010947081.1_1337	0
lcl|NC_002516.2_cds_NP_249723.1_1030_hgt_foreign	2
lcl|NC_002516.2_cds_NP_250312.1_1622_hgt_foreign	2
lcl|NC_002516.2_cds_NP_253758.1_5073_hgt_foreign	2
lcl|NC_002942.5_cds_WP_010946941.1_1192	0
lcl|NC_002942.5_cds_WP_010948679.1_2989	0
lcl|NC_002516.2_cds_NP_253648.1_4963_hgt_foreign	2
lcl|NC_002942.5_cds_WP_010946613.1_852	0
lcl|NC_002516.2_cds_NP_254027.1_5343_hgt_foreign	2
lcl|NC_002516.2_cds_NP_250363.1_1674_hgt_foreign	2
lcl|NC_002516.2_cds_NP_250233.1_1542_hgt_foreign	2
lcl|NC_002516.2_cds_NP_249511.1_821_hgt_foreign	2
lcl|NC_002516.2_cds_NP_253933.1_5248_hgt_foreign	2
lcl|NC_002516.2_cds_NP_253949.1_5265_hgt_foreign	2
lcl|NC_002516.2_cds_NP_251637.1_2946_hgt_foreign	2
lcl|NC_002516.2_cds_NP_249716.1_1024_hgt_foreign	2
lcl|NC_002942.5_cds_WP_010946643.1_882	0
lcl|NC_002516.2_cds_NP_252109.1_3417_hgt_foreign	2
lcl|NC_002516.2_cds_NP_252487.1_3798_hgt_foreign	2
lcl|NC_002516.2_cds_NP_252678.1_3991_hgt_foreign	2
lcl|NC_002516.2_cds_NP_250090.1_1398_hgt_foreign	2
lcl|NC_002942.5_cds_WP_015444840.1_406	0
lcl|NC_002942.5_cds_WP_010947757.1_2021	0
lcl|NC_002942.5_cds_WP_015444105.1_2366	0
lcl|NC_002516.2_cds_NP_249220.1_531_hgt_foreign	2
lcl|NC_002516.2_cds_NP_251196.1_2503_hgt_foreign	2
lcl|NC_002516.2_cds_NP_252036.1_3343_hgt_foreign	2
lcl|NC_002942.5_cds_WP_010947743.1_2007	0
lcl|NC_002942.5_cds_WP_010945830.1_71	0
lcl|NC_002516.2_cds_NP_253017.1_4328_hgt_foreign	2
lcl|NC_002516.2_cds_NP_252447.1_3758_hgt_foreign	2
lcl|NC_002516.2_cds_NP_248700.1_10_hgt_foreign	2
lcl|NC_002516.2_cds_NP_253422.1_4737_hgt_foreign	2
lcl|NC_002516.2_cds_NP_251724.1_3033_hgt_foreign	2
lcl|NC_002942.5_cds_WP_015444553.1_1309	0
lcl|NC_002942.5_cds_WP_010946541.1_778	0
lcl|NC_002516.2_cds_NP_252587.1_3899_hgt_foreign	2
lcl|NC_002516.2_cds_NP_251998.1_3305_hgt_foreign	2
lcl|NC_002516.2_cds_NP_249111.1_421_hgt_foreign	2
lcl|NC_002942.5_cds_WP_025862363.1_1427	0
lcl|NC_002516.2_cds_NP_253310.1_4620_hgt_foreign	2
lcl|NC_002516.2_cds_NP_249557.1_866_hgt_foreign	2
lcl|NC_002516.2_cds_NP_253743.1_5058_hgt_foreign	2
lcl|NC_002942.5_cds_WP_015443982.1_2658	0
lcl|NC_002516.2_cds_NP_252456.1_3767_hgt_foreign	2
lcl|NC_002516.2_cds_YP_008719763.1_3089_hgt_foreign	2
lcl|NC_002942.5_cds_WP_010947289.1_1546	0
lcl|NC_002516.2_cds_NP_250121.1_1429_hgt_foreign	2
lcl|NC_002516.2_cds_NP_251850.1_3158_hgt_foreign	2
lcl|NC_002516.2_cds_NP_249541.1_850_hgt_foreign	2
lcl|NC_002516.2_cds_NP_248917.1_227_hgt_foreign	2
lcl|NC_002516.2_cds_NP_252118.1_3426_hgt_foreign	2
lcl|NC_002516.2_cds_NP_249651.1_961_hgt_foreign	2
lcl|NC_002516.2_cds_NP_249158.1_469_hgt_foreign	2
lcl|NC_002516.2_cds_NP_253303.1_4613_hgt_foreign	2
lcl|NC_002516.2_cds_NP_251413.1_2720_hgt_foreign	2
lcl|NC_002516.2_cds_NP_252265.1_3574_hgt_foreign	2
lcl|NC_002942.5_cds_WP_010948580.1_2880	0
lcl|NC_002516.2_cds_NP_252288.1_3597_hgt_foreign	2
lcl|NC_002516.2_cds_NP_249294.1_605_hgt_foreign	2
lcl|NC_002516.2_cds_NP_248772.1_83_hgt_foreign	2
lcl|NC_002942.5_cds_WP_015444633.1_1070	0
lcl|NC_002516.2_cds_NP_249476.1_785_hgt_foreign	2
lcl|NC_002942.5_cds_WP_010948631.1_2938	0
lcl|NC_002516.2_cds_NP_248906.1_216_hgt_foreign	2
lcl|NC_002516.2_cds_NP_252963.1_4273_hgt_foreign	2
lcl|NC_002516.2_cds_YP_003933612.1_3700_hgt_foreign	2
lcl|NC_002516.2_cds_NP_252498.1_3809_hgt_foreign	2
lcl|NC_002516.2_cds_NP_251379.1_2686_hgt_foreign	2
lcl|NC_002516.2_cds_NP_251403.1_2710_hgt_foreign	2
lcl|NC_002516.2_cds_NP_252715.1_4027_hgt_foreign	2
lcl|NC_002516.2_cds_NP_252771.1_4081_hgt_foreign	2
lcl|NC_002516.2_cds_NP_251991.1_3297_hgt_foreign	2
lcl|NC_002516.2_cds_NP_253363.1_4675_hgt_foreign	2
lcl|NC_002516.2_cds_NP_249273.1_584_hgt_foreign	2
lcl|NC_002942.5_cds_WP_010947261.1_1518	0
lcl|NC_002516.2_cds_NP_253242.1_4552_hgt_foreign	2
lcl|NC_002942.5_cds_WP_010947458.1_1716	0
lcl|NC_002516.2_cds_NP_253654.1_4969_hgt_foreign	2
lcl|NC_002942.5_cds_WP_010946927.1_1175	0
lcl|NC_002516.2_cds_NP_250695.1_2008_hgt_foreign	2
lcl|NC_002516.2_cds_NP_252247.1_3555_hgt_foreign	2
lcl|NC_002516.2_cds_NP_250492.1_1804_hgt_foreign	2
lcl|NC_002516.2_cds_NP_248739.1_51_hgt_foreign	2
lcl|NC_002942.5_cds_WP_010947515.1_1772	0
lcl|NC_002942.5_cds_WP_010946753.1_993	0
lcl|NC_002516.2_cds_NP_253443.1_4758_hgt_foreign	2
lcl|NC_002516.2_cds_NP_251293.1_2601_hgt_foreign	2
lcl|NC_002942.5_cds_WP_010946484.1_722	0
lcl|NC_002516.2_cds_NP_250494.1_1806_hgt_foreign	2
lcl|NC_002516.2_cds_NP_251674.1_2983_hgt_foreign	2
lcl|NC_002942.5_cds_WP_010946592.1_830	0
lcl|NC_002942.5_cds_WP_010947288.1_1545	0
lcl|NC_002516.2_cds_NP_252617.1_3929_hgt_foreign	2
lcl|NC_002516.2_cds_NP_253526.1_4842_hgt_foreign	2
lcl|NC_002516.2_cds_NP_254017.1_5333_hgt_foreign	2
lcl|NC_002516.2_cds_NP_250295.1_1605_hgt_foreign	2
lcl|NC_002516.2_cds_NP_251646.1_2955_hgt_foreign	2
lcl|NC_002516.2_cds_NP_251442.1_2749_hgt_foreign	2
lcl|NC_002942.5_cds_WP_015443916.1_2837	0
lcl|NC_002516.2_cds_NP_250964.1_2276_hgt_foreign	2
lcl|NC_002516.2_cds_NP_252986.1_4296_hgt_foreign	2
lcl|NC_002516.2_cds_NP_249814.1_1123_hgt_foreign	2
lcl|NC_002516.2_cds_NP_249602.1_911_hgt_foreign	2
lcl|NC_002942.5_cds_WP_010948641.1_2951	0
lcl|NC_002516.2_cds_NP_252365.1_3674_hgt_foreign	2
lcl|NC_002942.5_cds_WP_010947112.1_1368	0
lcl|NC_002516.2_cds_NP_249634.1_943_hgt_foreign	2
lcl|NC_002516.2_cds_NP_252596.1_3908_hgt_foreign	2
lcl|NC_002516.2_cds_NP_251268.1_2576_hgt_foreign	2
lcl|NC_002942.5_cds_WP_010946061.1_300	0
lcl|NC_002516.2_cds_NP_252095.1_3403_hgt_foreign	2
lcl|NC_002516.2_cds_NP_253628.1_4943_hgt_foreign	2
lcl|NC_002942.5_cds_WP_011213101.1_450	0
lcl|NC_002516.2_cds_NP_253330.1_4642_hgt_foreign	2
lcl|NC_002516.2_cds_NP_249370.1_679_hgt_foreign	2
lcl|NC_002516.2_cds_NP_253221.1_4531_hgt_foreign	2
lcl|NC_002516.2_cds_NP_251315.1_2623_hgt_foreign	2
lcl|NC_002516.2_cds_NP_252845.1_4156_hgt_foreign	2
lcl|NC_002516.2_cds_NP_249759.1_1067_hgt_foreign	2
lcl|NC_002516.2_cds_NP_251441.1_2748_hgt_foreign	2
lcl|NC_002516.2_cds_NP_253128.1_4439_hgt_foreign	2
lcl|NC_002516.2_cds_NP_254041.1_5357_hgt_foreign	2
lcl|NC_002516.2_cds_NP_249944.1_1252_hgt_foreign	2
lcl|NC_002516.2_cds_NP_254207.1_5523_hgt_foreign	2
lcl|NC_002516.2_cds_NP_252728.1_4040_hgt_foreign	2
lcl|NC_002516.2_cds_NP_253183.1_4494_hgt_foreign	2
lcl|NC_002942.5_cds_WP_010946163.1_403	0
lcl|NC_002942.5_cds_WP_010948455.1_2750	0
lcl|NC_002516.2_cds_NP_250824.1_2137_hgt_foreign	2
lcl|NC_002516.2_cds_NP_248905.1_215_hgt_foreign	2
lcl|NC_002942.5_cds_WP_010946506.1_745	0
lcl|NC_002516.2_cds_NP_251931.1_3237_hgt_foreign	2
lcl|NC_002516.2_cds_NP_253125.1_4436_hgt_foreign	2
lcl|NC_002942.5_cds_WP_010946216.1_454	0
lcl|NC_002942.5_cds_WP_011216527.1_2648	0
lcl|NC_002942.5_cds_WP_010948667.1_2977	0
lcl|NC_002516.2_cds_NP_248900.1_210_hgt_foreign	2
lcl|NC_002516.2_cds_NP_251811.1_3120_hgt_foreign	2
lcl|NC_002516.2_cds_NP_253987.1_5303_hgt_foreign	2
lcl|NC_002516.2_cds_NP_250669.1_1982_hgt_foreign	2
lcl|NC_002942.5_cds_WP_016357054.1_2984	0
lcl|NC_002942.5_cds_WP_010948432.1_2727	0
lcl|NC_002516.2_cds_NP_253644.1_4959_hgt_foreign	2
lcl|NC_002516.2_cds_NP_254064.1_5380_hgt_foreign	2
lcl|NC_002516.2_cds_NP_251620.1_2929_hgt_foreign	2
lcl|NC_002942.5_cds_WP_010945871.1_110	0
lcl|NC_002516.2_cds_NP_250738.2_2050_hgt_foreign	2
lcl|NC_002516.2_cds_NP_253656.1_4971_hgt_foreign	2
lcl|NC_002942.5_cds_WP_010946596.1_834	0
lcl|NC_002942.5_cds_WP_016356688.1_4	0
lcl|NC_002942.5_cds_WP_010946644.1_883	0
lcl|NC_002942.5_cds_WP_015444647.1_1036	0
lcl|NC_002516.2_cds_NP_251316.1_2624_hgt_foreign	2
lcl|NC_002516.2_cds_NP_253395.1_4709_hgt_foreign	2
lcl|NC_002516.2_cds_NP_250498.1_1810_hgt_foreign	2
lcl|NC_002516.2_cds_NP_253054.1_4365_hgt_foreign	2
lcl|NC_002516.2_cds_NP_253083.1_4394_hgt_foreign	2
lcl|NC_002516.2_cds_NP_253453.1_4768_hgt_foreign	2
lcl|NC_002516.2_cds_NP_254244.1_5559_hgt_foreign	2
lcl|NC_002516.2_cds_NP_250207.1_1516_hgt_foreign	2
lcl|NC_002516.2_cds_NP_252207.1_3515_hgt_foreign	2
lcl|NC_002942.5_cds_WP_010948355.1_2646	0
lcl|NC_002942.5_cds_WP_011216180.1_2256	0
lcl|NC_002516.2_cds_NP_250981.1_2293_hgt_foreign	2
lcl|NC_002516.2_cds_NP_253333.1_4645_hgt_foreign	2
lcl|NC_002942.5_cds_WP_011946725.1_1767	0
lcl|NC_002516.2_cds_NP_250476.1_1787_hgt_foreign	2
lcl|NC_002942.5_cds_WP_011213009.1_318	0
lcl|NC_002516.2_cds_NP_250866.1_2180_hgt_foreign	2
lcl|NC_002516.2_cds_NP_250854.1_2167_hgt_foreign	2
lcl|NC_002516.2_cds_NP_249932.1_1240_hgt_foreign	2
lcl|NC_002516.2_cds_NP_253504.1_4820_hgt_foreign	2
lcl|NC_002942.5_cds_WP_010947820.1_2088	0
lcl|NC_002516.2_cds_NP_253629.1_4944_hgt_foreign	2
lcl|NC_002516.2_cds_NP_254005.1_5321_hgt_foreign	2
lcl|NC_002942.5_cds_WP_010947078.1_1334	0
lcl|NC_002942.5_cds_WP_010948342.1_2633	0
lcl|NC_002942.5_cds_WP_010947464.1_1722	0
lcl|NC_002516.2_cds_NP_251095.1_2405_hgt_foreign	2
lcl|NC_002942.5_cds_WP_015444655.1_1018	0
lcl|NC_002516.2_cds_NP_253464.1_4779_hgt_foreign	2
lcl|NC_002942.5_cds_WP_015443984.1_2651	0
lcl|NC_002942.5_cds_WP_011216616.1_2751	0
lcl|NC_002942.5_cds_WP_010948349.1_2640	0
lcl|NC_002516.2_cds_NP_250699.1_2012_hgt_foreign	2
lcl|NC_002516.2_cds_NP_249325.1_635_hgt_foreign	2
lcl|NC_002942.5_cds_WP_011946434.1_1406	0
lcl|NC_002516.2_cds_NP_251329.1_2637_hgt_foreign	2
lcl|NC_002516.2_cds_NP_250800.1_2112_hgt_foreign	2
lcl|NC_002516.2_cds_NP_253033.1_4344_hgt_foreign	2
lcl|NC_002516.2_cds_NP_253175.1_4486_hgt_foreign	2
lcl|NC_002942.5_cds_WP_010948463.1_2758	0
lcl|NC_002516.2_cds_NP_252601.1_3913_hgt_foreign	2
lcl|NC_002516.2_cds_NP_252769.1_4079_hgt_foreign	2
lcl|NC_002942.5_cds_WP_010947067.1_1323	0
lcl|NC_002516.2_cds_NP_250724.1_2037_hgt_foreign	2
lcl|NC_002516.2_cds_NP_251247.1_2554_hgt_foreign	2
lcl|NC_002942.5_cds_LPG_RS05055_992	0
lcl|NC_002516.2_cds_NP_249662.1_972_hgt_foreign	2
lcl|NC_002942.5_cds_WP_015444381.1_1893	0
lcl|NC_002942.5_cds_WP_010947118.1_1374	0
lcl|NC_002516.2_cds_NP_249889.1_1197_hgt_foreign	2
lcl|NC_002516.2_cds_NP_252160.1_3469_hgt_foreign	2
lcl|NC_002942.5_cds_WP_015444791.1_533	0
lcl|NC_002516.2_cds_NP_253621.1_4936_hgt_foreign	2
lcl|NC_002942.5_cds_WP_010948467.1_2762	0
lcl|NC_002942.5_cds_WP_011216798.1_2952	0
lcl|NC_002516.2_cds_NP_252788.1_4098_hgt_foreign	2
lcl|NC_002516.2_cds_NP_251308.1_2616_hgt_foreign	2
lcl|NC_002942.5_cds_WP_010947143.1_1400	0
lcl|NC_002942.5_cds_WP_015444422.1_1714	0
lcl|NC_002516.2_cds_NP_250291.1_1601_hgt_foreign	2
lcl|NC_002516.2_cds_NP_249456.1_765_hgt_foreign	2
lcl|NC_002516.2_cds_NP_251393.1_2700_hgt_foreign	2
lcl|NC_002516.2_cds_NP_250720.1_2033_hgt_foreign	2
lcl|NC_002516.2_cds_NP_252443.1_3754_hgt_foreign	2
lcl|NC_002942.5_cds_WP_010947990.1_2259	0
lcl|NC_002516.2_cds_NP_251889.1_3196_hgt_foreign	2
lcl|NC_002516.2_cds_NP_253315.1_4625_hgt_foreign	2
lcl|NC_002516.2_cds_NP_252266.1_3575_hgt_foreign	2
lcl|NC_002516.2_cds_NP_250397.1_1708_hgt_foreign	2
lcl|NC_002516.2_cds_NP_252524.1_3835_hgt_foreign	2
lcl|NC_002942.5_cds_WP_010947051.1_1307	0
lcl|NC_002516.2_cds_NP_252484.1_3795_hgt_foreign	2
lcl|NC_002516.2_cds_NP_249530.1_839_hgt_foreign	2
lcl|NC_002942.5_cds_WP_010946926.1_1174	0
lcl|NC_002942.5_cds_WP_010948386.1_2678	0
lcl|NC_002516.2_cds_NP_250364.1_1675_hgt_foreign	2
lcl|NC_002516.2_cds_NP_253552.1_4868_hgt_foreign	2
lcl|NC_002942.5_cds_WP_010946335.1_571	0
lcl|NC_002516.2_cds_NP_250485.1_1796_hgt_foreign	2
lcl|NC_002942.5_cds_WP_010946585.1_823	0
lcl|NC_002942.5_cds_WP_011946747.1_1805	0
lcl|NC_002942.5_cds_WP_010947895.1_2165	0
lcl|NC_002516.2_cds_NP_250343.1_1654_hgt_foreign	2
lcl|NC_002942.5_cds_WP_010948653.1_2963	0
lcl|NC_002516.2_cds_NP_250000.1_1308_hgt_foreign	2
lcl|NC_002942.5_cds_WP_015444163.1_2222	0
lcl|NC_002516.2_cds_NP_251902.1_3209_hgt_foreign	2
lcl|NC_002516.2_cds_NP_251636.2_2945_hgt_foreign	2
lcl|NC_002516.2_cds_NP_251378.1_2685_hgt_foreign	2
lcl|NC_002516.2_cds_NP_248969.1_278_hgt_foreign	2
lcl|NC_002516.2_cds_NP_250103.1_1411_hgt_foreign	2
lcl|NC_002942.5_cds_WP_010947164.1_1421	0
lcl|NC_002516.2_cds_NP_250847.1_2160_hgt_foreign	2
lcl|NC_002942.5_cds_WP_010946584.1_822	0
lcl|NC_002516.2_cds_NP_251859.1_3166_hgt_foreign	2
lcl|NC_002516.2_cds_NP_250432.1_1743_hgt_foreign	2
lcl|NC_002942.5_cds_WP_015444810.1_481	0
lcl|NC_002942.5_cds_WP_010946829.1_1071	0
lcl|NC_002516.2_cds_NP_248720.1_30_hgt_foreign	2
lcl|NC_002942.5_cds_WP_010948175.1_2457	0
lcl|NC_002942.5_cds_WP_010947997.1_2266	0
lcl|NC_002516.2_cds_NP_250285.1_1595_hgt_foreign	2
lcl|NC_002516.2_cds_NP_252990.1_4300_hgt_foreign	2
lcl|NC_002516.2_cds_NP_253245.1_4555_hgt_foreign	2
lcl|NC_002516.2_cds_NP_252737.1_4049_hgt_foreign	2
lcl|NC_002516.2_cds_NP_250680.1_1993_hgt_foreign	2
lcl|NC_002516.2_cds_NP_252608.1_3920_hgt_foreign	2
lcl|NC_002516.2_cds_NP_250288.1_1598_hgt_foreign	2
lcl|NC_002942.5_cds_WP_010947138.1_1395	0
lcl|NC_002516.2_cds_NP_250157.1_1465_hgt_foreign	2
lcl|NC_002516.2_cds_NP_252360.1_3669_hgt_foreign	2
lcl|NC_002516.2_cds_NP_251556.1_2865_hgt_foreign	2
lcl|NC_002516.2_cds_NP_250016.1_1324_hgt_foreign	2
lcl|NC_002516.2_cds_NP_248956.1_265_hgt_foreign	2
lcl|NC_002516.2_cds_NP_252086.1_3393_hgt_foreign	2
lcl|NC_002516.2_cds_NP_254209.1_5525_hgt_foreign	2
lcl|NC_002516.2_cds_NP_249509.1_819_hgt_foreign	2
lcl|NC_002516.2_cds_NP_250906.1_2219_hgt_foreign	2
lcl|NC_002942.5_cds_WP_011214789.1_539	0
lcl|NC_002942.5_cds_WP_010947459.1_1717	0
lcl|NC_002516.2_cds_NP_250080.1_1388_hgt_foreign	2
lcl|NC_002516.2_cds_NP_252415.1_3725_hgt_foreign	2
lcl|NC_002942.5_cds_WP_010946332.1_568	0
lcl|NC_002516.2_cds_NP_249358.1_667_hgt_foreign	2
lcl|NC_002516.2_cds_NP_250831.1_2143_hgt_foreign	2
lcl|NC_002516.2_cds_NP_253542.1_4858_hgt_foreign	2
lcl|NC_002516.2_cds_NP_252210.1_3518_hgt_foreign	2
lcl|NC_002516.2_cds_NP_252847.1_4158_hgt_foreign	2
lcl|NC_002516.2_cds_NP_251548.1_2857_hgt_foreign	2
lcl|NC_002516.2_cds_NP_250451.1_1762_hgt_foreign	2
lcl|NC_002516.2_cds_NP_253560.1_4876_hgt_foreign	2
lcl|NC_002516.2_cds_NP_248921.1_231_hgt_foreign	2
lcl|NC_002942.5_cds_WP_010948043.1_2312	0
lcl|NC_002516.2_cds_NP_251214.1_2521_hgt_foreign	2
lcl|NC_002942.5_cds_WP_010946582.1_820	0
lcl|NC_002942.5_cds_WP_010948464.1_2759	0
lcl|NC_002942.5_cds_WP_010947090.1_1346	0
lcl|NC_002516.2_cds_NP_249833.1_1142_hgt_foreign	2
lcl|NC_002516.2_cds_NP_253411.1_4725_hgt_foreign	2
lcl|NC_002516.2_cds_NP_251431.1_2735_hgt_foreign	2
lcl|NC_002516.2_cds_NP_248998.1_308_hgt_foreign	2
lcl|NC_002516.2_cds_NP_252948.1_4258_hgt_foreign	2
lcl|NC_002516.2_cds_NP_249648.1_958_hgt_foreign	2
lcl|NC_002942.5_cds_WP_010947012.1_1268	0
lcl|NC_002516.2_cds_NP_250198.1_1507_hgt_foreign	2
lcl|NC_002942.5_cds_WP_010946290.1_528	0
lcl|NC_002942.5_cds_WP_015444043.1_2501	0
lcl|NC_002942.5_cds_WP_010946758.1_998	0
lcl|NC_002516.2_cds_NP_251491.1_2801_hgt_foreign	2
lcl|NC_002942.5_cds_WP_010947551.1_1811	0
lcl|NC_002942.5_cds_WP_010946462.1_700	0
lcl|NC_002516.2_cds_NP_252389.1_3698_hgt_foreign	2
lcl|NC_002942.5_cds_WP_015443975.1_2677	0
lcl|NC_002942.5_cds_WP_016357044.1_2852	0
lcl|NC_002942.5_cds_WP_010947737.1_2001	0
lcl|NC_002516.2_cds_NP_251419.1_2724_hgt_foreign	2
lcl|NC_002516.2_cds_NP_254079.1_5395_hgt_foreign	2
lcl|NC_002516.2_cds_NP_249692.1_999_hgt_foreign	2
lcl|NC_002516.2_cds_NP_251531.1_2840_hgt_foreign	2
lcl|NC_002516.2_cds_NP_253980.1_5296_hgt_foreign	2
lcl|NC_002516.2_cds_NP_250555.1_1868_hgt_foreign	2
lcl|NC_002516.2_cds_NP_252017.1_3324_hgt_foreign	2
lcl|NC_002942.5_cds_WP_015444390.1_1876	0
lcl|NC_002942.5_cds_WP_011213305.1_720	0
lcl|NC_002942.5_cds_WP_010947031.1_1288	0
lcl|NC_002942.5_cds_WP_010946588.1_826	0
lcl|NC_002942.5_cds_WP_010948316.1_2607	0
lcl|NC_002516.2_cds_NP_249896.1_1204_hgt_foreign	2
lcl|NC_002516.2_cds_NP_252037.1_3344_hgt_foreign	2
lcl|NC_002516.2_cds_NP_249467.1_776_hgt_foreign	2
lcl|NC_002516.2_cds_NP_251126.1_2436_hgt_foreign	2
lcl|NC_002516.2_cds_NP_248869.1_179_hgt_foreign	2
lcl|NC_002516.2_cds_NP_251019.1_2331_hgt_foreign	2
lcl|NC_002516.2_cds_NP_251008.1_2320_hgt_foreign	2
lcl|NC_002516.2_cds_NP_253013.1_4324_hgt_foreign	2
lcl|NC_002516.2_cds_NP_254156.1_5473_hgt_foreign	2
lcl|NC_002516.2_cds_NP_250691.1_2004_hgt_foreign	2
lcl|NC_002516.2_cds_NP_249960.1_1268_hgt_foreign	2
lcl|NC_002516.2_cds_NP_252041.1_3348_hgt_foreign	2
lcl|NC_002516.2_cds_NP_249357.1_666_hgt_foreign	2
lcl|NC_002942.5_cds_WP_011216485.1_2601	0
lcl|NC_002516.2_cds_NP_249886.1_1194_hgt_foreign	2
lcl|NC_002942.5_cds_WP_016356941.1_1894	0
lcl|NC_002516.2_cds_NP_249520.1_829_hgt_foreign	2
lcl|NC_002516.2_cds_NP_251451.1_2760_hgt_foreign	2
lcl|NC_002516.2_cds_NP_252734.1_4046_hgt_foreign	2
lcl|NC_002516.2_cds_NP_250726.1_2039_hgt_foreign	2
lcl|NC_002942.5_cds_WP_010945833.1_73	0
lcl|NC_002516.2_cds_NP_253351.1_4663_hgt_foreign	2
lcl|NC_002942.5_cds_WP_010947511.1_1768	0
lcl|NC_002516.2_cds_NP_253320.1_4630_hgt_foreign	2
lcl|NC_002516.2_cds_NP_253304.1_4614_hgt_foreign	2
lcl|NC_002516.2_cds_NP_251049.1_2361_hgt_foreign	2
lcl|NC_002516.2_cds_NP_251711.1_3020_hgt_foreign	2
lcl|NC_002516.2_cds_NP_248793.1_104_hgt_foreign	2
lcl|NC_002942.5_cds_WP_010946765.1_1006	0
lcl|NC_002516.2_cds_NP_251140.1_2450_hgt_foreign	2
lcl|NC_002516.2_cds_NP_249127.1_437_hgt_foreign	2
lcl|NC_002942.5_cds_WP_010946787.1_1027	0
lcl|NC_002942.5_cds_WP_015444709.1_829	0
lcl|NC_002516.2_cds_NP_251058.1_2370_hgt_foreign	2
lcl|NC_002516.2_cds_NP_252459.1_3770_hgt_foreign	2
lcl|NC_002516.2_cds_NP_250635.1_1948_hgt_foreign	2
lcl|NC_002942.5_cds_WP_010946593.1_831	0
lcl|NC_002942.5_cds_WP_010945813.1_52	0
lcl|NC_002516.2_cds_NP_250984.1_2296_hgt_foreign	2
lcl|NC_002516.2_cds_NP_251459.1_2769_hgt_foreign	2
lcl|NC_002516.2_cds_NP_248950.1_260_hgt_foreign	2
lcl|NC_002942.5_cds_WP_015444857.1_370	0
lcl|NC_002516.2_cds_NP_251703.1_3012_hgt_foreign	2
lcl|NC_002516.2_cds_NP_250266.1_1575_hgt_foreign	2
lcl|NC_002516.2_cds_NP_249290.1_601_hgt_foreign	2
lcl|NC_002516.2_cds_NP_249684.1_991_hgt_foreign	2
lcl|NC_002516.2_cds_NP_253195.1_4506_hgt_foreign	2
lcl|NC_002516.2_cds_NP_249256.1_567_hgt_foreign	2
lcl|NC_002516.2_cds_NP_251448.1_2757_hgt_foreign	2
lcl|NC_002942.5_cds_WP_010946306.1_543	0
lcl|NC_002516.2_cds_NP_252541.1_3851_hgt_foreign	2
lcl|NC_002516.2_cds_NP_251183.1_2490_hgt_foreign	2
lcl|NC_002516.2_cds_NP_249611.1_920_hgt_foreign	2
lcl|NC_002516.2_cds_NP_252500.1_3811_hgt_foreign	2
lcl|NC_002516.2_cds_NP_251507.1_2817_hgt_foreign	2
lcl|NC_002942.5_cds_WP_011946564.1_1553	0
lcl|NC_002942.5_cds_WP_011213007.1_316	0
lcl|NC_002516.2_cds_NP_250963.1_2275_hgt_foreign	2
lcl|NC_002516.2_cds_NP_251892.1_3199_hgt_foreign	2
lcl|NC_002942.5_cds_WP_015444950.1_112	0
lcl|NC_002516.2_cds_NP_252455.1_3766_hgt_foreign	2
lcl|NC_002516.2_cds_NP_249701.1_1008_hgt_foreign	2
lcl|NC_002516.2_cds_NP_253185.1_4496_hgt_foreign	2
lcl|NC_002516.2_cds_NP_253157.1_4468_hgt_foreign	2
lcl|NC_002516.2_cds_NP_249591.1_900_hgt_foreign	2
lcl|NC_002942.5_cds_WP_010948542.1_2839	0
lcl|NC_002516.2_cds_NP_251370.1_2677_hgt_foreign	2
lcl|NC_002942.5_cds_WP_032828680.1_932	0
lcl|NC_002942.5_cds_WP_010946256.1_495	0
lcl|NC_002516.2_cds_NP_252326.1_3635_hgt_foreign	2
lcl|NC_002516.2_cds_NP_249266.1_577_hgt_foreign	2
lcl|NC_002516.2_cds_NP_251641.1_2950_hgt_foreign	2
lcl|NC_002516.2_cds_NP_253420.1_4735_hgt_foreign	2
lcl|NC_002516.2_cds_NP_253317.1_4627_hgt_foreign	2
lcl|NC_002516.2_cds_NP_249945.1_1253_hgt_foreign	2
lcl|NC_002516.2_cds_NP_252616.1_3928_hgt_foreign	2
lcl|NC_002516.2_cds_NP_254135.1_5452_hgt_foreign	2
lcl|NC_002516.2_cds_NP_251240.1_2547_hgt_foreign	2
lcl|NC_002516.2_cds_NP_250971.1_2283_hgt_foreign	2
lcl|NC_002942.5_cds_WP_010946627.1_865	0
lcl|NC_002516.2_cds_NP_249616.1_925_hgt_foreign	2
lcl|NC_002942.5_cds_WP_010948585.1_2886	0
lcl|NC_002516.2_cds_NP_249799.1_1107_hgt_foreign	2
lcl|NC_002516.2_cds_NP_252282.1_3591_hgt_foreign	2
lcl|NC_002942.5_cds_WP_010946507.1_746	0
lcl|NC_002516.2_cds_NP_250903.1_2216_hgt_foreign	2
lcl|NC_002516.2_cds_NP_251398.1_2705_hgt_foreign	2
lcl|NC_002942.5_cds_WP_010948345.1_2636	0
lcl|NC_002516.2_cds_NP_250666.1_1979_hgt_foreign	2
lcl|NC_002516.2_cds_NP_251011.1_2323_hgt_foreign	2
lcl|NC_002942.5_cds_WP_010948633.1_2941	0
lcl|NC_002516.2_cds_NP_253141.1_4452_hgt_foreign	2
lcl|NC_002516.2_cds_NP_254114.1_5430_hgt_foreign	2
lcl|NC_002516.2_cds_NP_253802.1_5116_hgt_foreign	2
lcl|NC_002942.5_cds_WP_015444660.1_1003	0
lcl|NC_002516.2_cds_NP_251064.1_2375_hgt_foreign	2
lcl|NC_002942.5_cds_WP_010948644.1_2954	0
lcl|NC_002942.5_cds_WP_015443983.1_2653	0
lcl|NC_002942.5_cds_WP_010947266.1_1523	0
lcl|NC_002516.2_cds_NP_249252.1_563_hgt_foreign	2
lcl|NC_002516.2_cds_NP_250358.1_1669_hgt_foreign	2
lcl|NC_002942.5_cds_WP_010945786.1_24	0
lcl|NC_002942.5_cds_WP_010947013.1_1269	0
lcl|NC_002516.2_cds_NP_251515.1_2824_hgt_foreign	2
lcl|NC_002942.5_cds_WP_015443864.1_2982	0
lcl|NC_002516.2_cds_NP_250424.1_1735_hgt_foreign	2
lcl|NC_002516.2_cds_NP_249296.1_607_hgt_foreign	2
lcl|NC_002516.2_cds_NP_249857.1_1165_hgt_foreign	2
lcl|NC_002516.2_cds_NP_250645.1_1958_hgt_foreign	2
lcl|NC_002516.2_cds_NP_249630.1_939_hgt_foreign	2
lcl|NC_002516.2_cds_NP_250624.1_1939_hgt_foreign	2
lcl|NC_002516.2_cds_NP_251192.1_2499_hgt_foreign	2
lcl|NC_002516.2_cds_NP_252094.1_3402_hgt_foreign	2
lcl|NC_002516.2_cds_NP_252317.1_3626_hgt_foreign	2
lcl|NC_002516.2_cds_NP_250427.1_1738_hgt_foreign	2
lcl|NC_002516.2_cds_NP_253189.1_4500_hgt_foreign	2
lcl|NC_002516.2_cds_NP_248932.1_242_hgt_foreign	2
lcl|NC_002942.5_cds_WP_015444251.1_2041	0
lcl|NC_002516.2_cds_NP_249417.1_726_hgt_foreign	2
lcl|NC_002942.5_cds_WP_015444876.1_298	0
lcl|NC_002516.2_cds_NP_251232.1_2539_hgt_foreign	2
lcl|NC_002942.5_cds_WP_010946416.1_654	0
lcl|NC_002516.2_cds_NP_253722.1_5037_hgt_foreign	2
lcl|NC_002516.2_cds_NP_252637.1_3949_hgt_foreign	2
lcl|NC_002942.5_cds_WP_015444419.1_1723	0
lcl|NC_002516.2_cds_NP_253651.1_4966_hgt_foreign	2
lcl|NC_002516.2_cds_NP_250599.1_1914_hgt_foreign	2
lcl|NC_002942.5_cds_WP_011216809.1_2964	0
lcl|NC_002516.2_cds_NP_253647.1_4962_hgt_foreign	2
lcl|NC_002516.2_cds_NP_251526.1_2835_hgt_foreign	2
lcl|NC_002516.2_cds_NP_252251.1_3559_hgt_foreign	2
lcl|NC_002942.5_cds_WP_010947034.1_1291	0
lcl|NC_002516.2_cds_NP_249604.1_913_hgt_foreign	2
lcl|NC_002516.2_cds_NP_249973.1_1281_hgt_foreign	2
lcl|NC_002516.2_cds_NP_250527.1_1839_hgt_foreign	2
lcl|NC_002516.2_cds_NP_252436.1_3747_hgt_foreign	2
lcl|NC_002516.2_cds_NP_252961.1_4271_hgt_foreign	2
lcl|NC_002516.2_cds_NP_253630.1_4945_hgt_foreign	2
lcl|NC_002516.2_cds_NP_253299.1_4609_hgt_foreign	2
lcl|NC_002516.2_cds_NP_249382.1_691_hgt_foreign	2
lcl|NC_002516.2_cds_NP_248996.1_305_hgt_foreign	2
lcl|NC_002516.2_cds_NP_253892.1_5207_hgt_foreign	2
lcl|NC_002516.2_cds_NP_251185.1_2492_hgt_foreign	2
lcl|NC_002942.5_cds_WP_010947201.1_1458	0
lcl|NC_002516.2_cds_NP_250686.1_1999_hgt_foreign	2
lcl|NC_002516.2_cds_NP_249589.1_898_hgt_foreign	2
lcl|NC_002942.5_cds_WP_016357031.1_2604	0
lcl|NC_002516.2_cds_NP_249188.1_499_hgt_foreign	2
lcl|NC_002516.2_cds_NP_253071.1_4382_hgt_foreign	2
lcl|NC_002516.2_cds_NP_251290.1_2598_hgt_foreign	2
lcl|NC_002942.5_cds_WP_010948632.1_2939	0
lcl|NC_002516.2_cds_NP_253229.1_4539_hgt_foreign	2
lcl|NC_002516.2_cds_NP_253021.1_4332_hgt_foreign	2
lcl|NC_002516.2_cds_NP_249594.1_903_hgt_foreign	2
lcl|NC_002516.2_cds_NP_251165.1_2472_hgt_foreign	2
lcl|NC_002516.2_cds_NP_250893.1_2206_hgt_foreign	2
lcl|NC_002516.2_cds_NP_249262.1_573_hgt_foreign	2
lcl|NC_002942.5_cds_WP_010947989.1_2258	0
lcl|NC_002516.2_cds_NP_254020.1_5336_hgt_foreign	2
lcl|NC_002942.5_cds_WP_323740491.1_2085	0
lcl|NC_002516.2_cds_NP_253192.1_4503_hgt_foreign	2
lcl|NC_002516.2_cds_NP_250359.1_1670_hgt_foreign	2
lcl|NC_002942.5_cds_WP_010945982.1_219	0
lcl|NC_002942.5_cds_WP_010946565.1_802	0
lcl|NC_002942.5_cds_WP_010946689.1_927	0
lcl|NC_002516.2_cds_NP_249238.1_549_hgt_foreign	2
lcl|NC_002516.2_cds_NP_248999.1_309_hgt_foreign	2
lcl|NC_002516.2_cds_NP_251338.1_2646_hgt_foreign	2
lcl|NC_002516.2_cds_NP_249159.1_470_hgt_foreign	2
lcl|NC_002516.2_cds_NP_250822.1_2135_hgt_foreign	2
lcl|NC_002516.2_cds_NP_254057.1_5373_hgt_foreign	2
lcl|NC_002942.5_cds_WP_015444665.1_990	0
lcl|NC_002516.2_cds_NP_254137.1_5454_hgt_foreign	2
lcl|NC_002516.2_cds_NP_251283.1_2591_hgt_foreign	2
lcl|NC_002516.2_cds_NP_253872.1_5187_hgt_foreign	2
lcl|NC_002516.2_cds_NP_251100.1_2410_hgt_foreign	2
lcl|NC_002516.2_cds_NP_250897.1_2210_hgt_foreign	2
lcl|NC_002516.2_cds_NP_252512.1_3823_hgt_foreign	2
lcl|NC_002516.2_cds_NP_249193.1_504_hgt_foreign	2
lcl|NC_002516.2_cds_NP_249774.1_1082_hgt_foreign	2
lcl|NC_002516.2_cds_NP_250613.1_1928_hgt_foreign	2
lcl|NC_002516.2_cds_NP_253766.1_5081_hgt_foreign	2
lcl|NC_002942.5_cds_WP_010948670.1_2980	0
lcl|NC_002516.2_cds_NP_249483.1_793_hgt_foreign	2
lcl|NC_002516.2_cds_NP_250577.1_1891_hgt_foreign	2
lcl|NC_002516.2_cds_NP_249108.1_418_hgt_foreign	2
lcl|NC_002516.2_cds_NP_252898.1_4209_hgt_foreign	2
lcl|NC_002516.2_cds_NP_249413.1_722_hgt_foreign	2
lcl|NC_002516.2_cds_NP_248757.1_68_hgt_foreign	2
lcl|NC_002516.2_cds_NP_249968.1_1276_hgt_foreign	2
lcl|NC_002516.2_cds_NP_254101.1_5417_hgt_foreign	2
lcl|NC_002516.2_cds_NP_253152.1_4463_hgt_foreign	2
lcl|NC_002942.5_cds_WP_010946612.1_851	0
lcl|NC_002516.2_cds_NP_249041.1_351_hgt_foreign	2
lcl|NC_002942.5_cds_WP_010946996.1_1248	0
lcl|NC_002516.2_cds_NP_251880.1_3187_hgt_foreign	2
lcl|NC_002516.2_cds_NP_249268.1_579_hgt_foreign	2
lcl|NC_002942.5_cds_WP_010948554.1_2853	0
lcl|NC_002516.2_cds_NP_251832.1_3141_hgt_foreign	2
lcl|NC_002516.2_cds_NP_252240.1_3548_hgt_foreign	2
lcl|NC_002942.5_cds_WP_010948383.1_2675	0
lcl|NC_002516.2_cds_YP_008719733.1_454_hgt_foreign	2
lcl|NC_002516.2_cds_NP_253412.1_4726_hgt_foreign	2
lcl|NC_002942.5_cds_WP_015444554.1_1308	0
lcl|NC_002942.5_cds_WP_010947485.1_1742	0
lcl|NC_002942.5_cds_WP_010947462.1_1720	0
lcl|NC_002516.2_cds_NP_251678.1_2987_hgt_foreign	2
lcl|NC_002516.2_cds_NP_249574.1_883_hgt_foreign	2
lcl|NC_002516.2_cds_NP_253286.1_4596_hgt_foreign	2
lcl|NC_002516.2_cds_NP_251942.1_3248_hgt_foreign	2
lcl|NC_002942.5_cds_WP_010946293.1_529	0
lcl|NC_002516.2_cds_NP_249113.1_423_hgt_foreign	2
lcl|NC_002516.2_cds_NP_250729.1_2042_hgt_foreign	2
lcl|NC_002516.2_cds_NP_249210.1_521_hgt_foreign	2
lcl|NC_002942.5_cds_WP_010948537.1_2834	0
lcl|NC_002516.2_cds_NP_251271.1_2579_hgt_foreign	2
lcl|NC_002516.2_cds_NP_250164.1_1472_hgt_foreign	2
lcl|NC_002516.2_cds_NP_253749.1_5064_hgt_foreign	2
lcl|NC_002942.5_cds_WP_010948678.1_2988	0
lcl|NC_002942.5_cds_WP_010945763.1_1	0
lcl|NC_002942.5_cds_WP_010946317.1_553	0
lcl|NC_002942.5_cds_WP_010946687.1_925	0
lcl|NC_002516.2_cds_NP_252937.1_4247_hgt_foreign	2
lcl|NC_002516.2_cds_NP_250301.1_1611_hgt_foreign	2
lcl|NC_002516.2_cds_NP_252276.1_3585_hgt_foreign	2
lcl|NC_002942.5_cds_WP_010946133.1_372	0
lcl|NC_002516.2_cds_NP_250446.1_1757_hgt_foreign	2
lcl|NC_002516.2_cds_NP_251567.1_2876_hgt_foreign	2
lcl|NC_002516.2_cds_NP_253281.1_4591_hgt_foreign	2
lcl|NC_002516.2_cds_NP_252159.1_3468_hgt_foreign	2
lcl|NC_002942.5_cds_WP_010947148.1_1405	0
lcl|NC_002942.5_cds_WP_016356694.1_19	0
lcl|NC_002516.2_cds_NP_253387.1_4701_hgt_foreign	2
lcl|NC_002516.2_cds_NP_251230.1_2537_hgt_foreign	2
lcl|NC_002516.2_cds_NP_253706.1_5021_hgt_foreign	2
lcl|NC_002516.2_cds_NP_252275.1_3584_hgt_foreign	2
lcl|NC_002516.2_cds_NP_249531.1_840_hgt_foreign	2
lcl|NC_002516.2_cds_YP_008719755.1_2557_hgt_foreign	2
lcl|NC_002516.2_cds_NP_250731.1_2044_hgt_foreign	2
lcl|NC_002516.2_cds_NP_249993.1_1301_hgt_foreign	2
lcl|NC_002516.2_cds_NP_249745.1_1053_hgt_foreign	2
lcl|NC_002516.2_cds_NP_252735.1_4047_hgt_foreign	2
lcl|NC_002516.2_cds_NP_252840.1_4151_hgt_foreign	2
lcl|NC_002516.2_cds_NP_252545.1_3855_hgt_foreign	2
lcl|NC_002516.2_cds_NP_249867.1_1175_hgt_foreign	2
lcl|NC_002942.5_cds_WP_010947113.1_1369	0
lcl|NC_002516.2_cds_NP_254090.1_5406_hgt_foreign	2
lcl|NC_002516.2_cds_NP_249465.1_774_hgt_foreign	2
lcl|NC_002516.2_cds_NP_249012.1_322_hgt_foreign	2
lcl|NC_002516.2_cds_NP_252538.1_3848_hgt_foreign	2
lcl|NC_002516.2_cds_NP_249365.1_674_hgt_foreign	2
lcl|NC_002942.5_cds_WP_015444534.1_1365	0
lcl|NC_002516.2_cds_NP_253695.1_5010_hgt_foreign	2
lcl|NC_002516.2_cds_NP_251085.1_2396_hgt_foreign	2
lcl|NC_002942.5_cds_WP_016356931.1_1729	0
lcl|NC_002942.5_cds_WP_015443878.1_2936	0
lcl|NC_002516.2_cds_NP_249937.1_1245_hgt_foreign	2
lcl|NC_002516.2_cds_NP_248931.1_241_hgt_foreign	2
lcl|NC_002516.2_cds_NP_248796.1_107_hgt_foreign	2
lcl|NC_002516.2_cds_NP_252091.1_3398_hgt_foreign	2
lcl|NC_002516.2_cds_NP_253277.1_4587_hgt_foreign	2
lcl|NC_002516.2_cds_NP_252774.1_4084_hgt_foreign	2
lcl|NC_002516.2_cds_NP_252890.1_4201_hgt_foreign	2
lcl|NC_002516.2_cds_NP_253744.1_5059_hgt_foreign	2
lcl|NC_002942.5_cds_WP_010947026.1_1282	0
lcl|NC_002516.2_cds_NP_253148.1_4459_hgt_foreign	2
lcl|NC_002516.2_cds_NP_251855.1_3162_hgt_foreign	2
lcl|NC_002516.2_cds_NP_249995.1_1303_hgt_foreign	2
lcl|NC_002516.2_cds_NP_249659.1_969_hgt_foreign	2
lcl|NC_002516.2_cds_NP_248915.1_225_hgt_foreign	2
lcl|NC_002942.5_cds_WP_015444471.1_1555	0
lcl|NC_002516.2_cds_NP_252518.1_3829_hgt_foreign	2
lcl|NC_002516.2_cds_NP_252141.1_3450_hgt_foreign	2
lcl|NC_002942.5_cds_WP_025862510.1_650	0
lcl|NC_002516.2_cds_NP_254081.1_5397_hgt_foreign	2
lcl|NC_002516.2_cds_NP_251584.1_2893_hgt_foreign	2
